LinkML Class Name	LinkML Slot	Attribute Name	Nullable	Data Type	Definition	from_schema	BKE Local Name	Local Name Source	example	Integer MIN Value	MAX Value	Permissible Values
> class	slot	attribute	ignore	range	description	ignore	local_names	local_names	examples             	minimum_value	maximum_value	ignore
>							inner_key: local_name_value	inner_key: local_name_source				
	accession_id		FALSE	string	A provider assigned accession identifier for a given entity.							
	order		TRUE	integer	The priority or display order of an entity among all other entiites of the same type.		order_idx	allen				
Abbreviation	id		FALSE	string	( database GUID)	bican_biolink						
Abbreviation		term	FALSE	string	An abbreviation term.				IT			
Abbreviation		meaning	FALSE	string	The meaning of an abbreviation term.				intratelencephalic-projecting glutamatergic cortical neuron			
Abbreviation		entity_type	FALSE	AbbreviationEntityType	The entity type which the abbreviation term denotes.				cell type			cell type, gene, structure
Abbreviation	xref					bican_biolink	unique_id	allen				
CellTypeSet	id		FALSE	string	( database GUID)	bican_biolink						
CellTypeSet	accession_id		FALSE	string	A provider assigned accession identifier for the cell type set.				CCN20230722_CLAS			
CellTypeSet	name		FALSE	string	Name of the cell type set taxonomy.	bican_biolink			class			
CellTypeSet	description		FALSE	string	Description of the cell type set.	bican_biolink			The top level of cell type definition in the mouse whole brain taxonomy. It is primarily determined by broad brain region and neurotransmitter type. All cells within a subclass belong to the same class. Class provides a broader categorization of cell types.			
CellTypeSet		cell_type_set_type	FALSE	CellTypeSetType	A tag denoting the type or purpose of the cell type set.		type	allen	taxonomic_level			taxonomic level, neighborhood
CellTypeSet	order		TRUE	integer	The priority or display order of the cell type set among all other sets of the same type.		order_idx	allen	1	0		
CellTypeSet	xref					bican_biolink	unique_id	allen				
CellTypeTaxon	id		FALSE	string	( database GUID)	bican_biolink						
CellTypeTaxon	accession_id		FALSE	string	A provider assigned accession identifier for the cell type taxon.				CS20230722_CLAS_11			
CellTypeTaxon	name		FALSE	string	Name of the cell type taxon.				11 CNU-HYa GABA			
CellTypeTaxon	order		TRUE	integer	The priority or display order of the cell type taxon among all other taxons in the taxonomy.		order_idx	allen	11	0		
CellTypeTaxon	description		TRUE	string	Description of the cell type taxon (optional).	bican_biolink						
CellTypeTaxon		number_of_cells	FALSE	integer	The aggregated number of cells that defines the cell type taxon.					0		
CellTypeTaxon	xref					bican_biolink	unique_id	allen				
CellTypeTaxon												
CellTypeTaxonomy	id		FALSE	string	( database GUID)	bican_biolink						
CellTypeTaxonomy	creation date		FALSE		The creation date of the cell type taxonomy.	bican_biolink						
CellTypeTaxonomy	accession_id		FALSE	string	A provider assigned accession identifier for the taxonomy.				CCN20230722			
CellTypeTaxonomy	name		FALSE	string	Name of the cell type taxonomy.	bican_biolink			AIT21.0			
CellTypeTaxonomy	description		FALSE	string	Description of the cell type taxonomy.	bican_biolink						
CellTypeTaxonomy	xref					bican_biolink	unique_id	allen				
Cluster	id		FALSE	string	( database GUID)	bican_biolink						
Cluster	accession_id		FALSE	string	A provider assigned accession identifier for the cluster which is unique amongs all clusters in cluster set.				CS20230722_1019			
Cluster	name		FALSE	string	Name of the cluster.	bican_biolink			1019			
Cluster		number_of_observations	TRUE	integer	The number of observations in the cluster.				448	0		
Cluster	xref					bican_biolink	unique_id	allen				
ClusterSet	id		FALSE	string	( database GUID)	bican_biolink						
ClusterSet	accession_id		FALSE	string	A provider assigned accession identifier for the cluster set.							
ClusterSet	name		TRUE	string	Name of the cluster set.	bican_biolink						
ClusterSet	description		TRUE	string	Description of the cluster set.	bican_biolink						
ClusterSet	xref					bican_biolink	unique_id	allen				
ClusterSet	creation date		FALSE		The creation date of the cluster set.	bican_biolink						
ColorPalette	id		FALSE	string	( database GUID)	bican_biolink						
ColorPalette	name		FALSE	string	Name of the color palette.	bican_biolink						
ColorPalette	description		FALSE	string	Description of the color palette.	bican_biolink						
ColorPalette	xref					bican_biolink	unique_id	allen				
DisplayColor	id		FALSE	string	( database GUID)	bican_biolink						
DisplayColor		color_hex_triplet	FALSE	string	A hex string representing the display color for an associated entity.				#450099			
DisplayColor	xref					bican_biolink	unique_id	allen				
MatrixFile	content_url					bican_core	url	allen				
MatrixFile	xref					bican_biolink	unique_id	allen				
ObservationMatrix	content_url					bican_core	url	allen				
ObservationMatrix	xref					bican_biolink	unique_id	allen				
ObservationRow		label										
ObservationRow	xref					bican_biolink	unique_id	allen				
SpatialProportions		str		float	Proportion of composition found in Striatum					0	1	
SpatialProportions		gpe		float	Proportion of composition found in External Globus Pallidus					0	1	
SpatialProportions		gpi		float	Proportion of composition found in Internal Globus Pallidus					0	1	
SpatialProportions		sn		float	Proportion of composition found in Substantia Nigra					0	1	
SpatialProportions		adj		float	Proportion of composition found in Adjacent Regions					0	1	
SpatialProportions		sth		float	Proportion of composition found in Subthalamic Nucleus					0	1	