Class	Predicate (General)	Predicate (Specific)	Subject	from_schema	Multivalued	Subsets	Slot Definition	AIT Location	Notes	Source	New	AIT Separator
> class	slot	attribute	range	ignore	multivalued	in_subset	description	annotations	ignore	ignore	ignore	annotations
>			internal_separator: "|"			internal_separator: "|"		inner_key: ait_location				inner_key: ait_separator
	was_derived_from			bican_prov						bke		
	has_parent									bke		
	part_of_set									bke		
CellTypeTaxonomy	was_derived_from		ClusterSet		TRUE		One or more cluster sets from which this taxonomy was derived.		From BKE CellTypeTaxonomy.was_derived_from	bke		
ClusterSet	was_derived_from		ExpressionMatrix		TRUE					bke		
Cluster	part_of_set		ClusterSet		FALSE	uns|annotations	The cluster set to which this cluster belongs.	(derived: the single synthesized ClusterSet for this file)	From BKE Cluster.part_of_set	both		
Cluster	has_parent		CellTypeTaxon		TRUE	obs|uns|annotations		(derived: taxa at the levels above cluster_id in uns.hierarchy; read per row of uns.cluster_info)	Annotation lives on the Cluster→CellTypeTaxon edge; cells inherit label via Cell.part_of_cluster	ait		
CellTypeSet	has_parent		CellTypeSet		FALSE	uns|annotations	The next broader annotation level in the taxonomy hierarchy (e.g. Subclass has_parent Class).	(derived: the preceding level in uns.hierarchy, by order)	From BKE CellTypeSet.has_parent	both		
CellTypeSet		part_of_taxonomy	CellTypeTaxonomy		FALSE	uns|annotations	The taxonomy for which this annotation level is defined.	(derived: the single taxonomy described by this file)		both		
CellTypeTaxon	has_parent		CellTypeTaxon		FALSE	uns|annotations	Reference to the parent taxon at the next broader annotation level.	(derived: the taxon at the preceding uns.hierarchy level, same uns.cluster_info row)		both		
CellTypeTaxon	part_of_set		CellTypeSet		FALSE	uns|annotations	The annotation level (CellTypeSet) for which this taxon is a member.	(derived: the uns.hierarchy level whose uns.cluster_info column this taxon came from)	Grounded in AIT uns.hierarchy	both		
Cell		part_of_cluster	Cluster		FALSE	obs|annotations	The cluster to which this cell has been assigned by the clustering algorithm.	(derived: the Cluster named by obs.cluster_id)	Object reference for Cell.cluster_id string value	ait		
CellTypeTaxonomy		has_embedding	Embedding		TRUE	obsm|analysis	One or more dimensionality reductions associated with this taxonomy.	(derived: one Embedding per obsm key)	No BKE equivalent; AIT-specific analysis component	ait		
CellTypeTaxonomy		has_expression_matrix	ExpressionMatrix		TRUE	X|raw|data	One or more cell-by-gene matrices associated with this taxonomy (normalized and/or raw counts).	(derived: one ExpressionMatrix per X / raw.X group present)		ait		
ExpressionMatrix		has_variable	GeneAnnotation		TRUE	var|assigned_metadata	One of the genes (variables) measured across all cells in this matrix; corresponds to a column in var.	(derived: one GeneAnnotation per var row)	From BKE ExpressionMatrix.has_variable	both		
CellTypeTaxon		curated_markers	GeneAnnotation		TRUE	uns|annotations	Marker genes curated as characteristic of this cell type. One set per taxon; the AIT consensus taxonomy does not split these by species.	uns.cluster_info.curated_markers	Replaces curated_markers_to_primates / curated_markers_to_mouse (BKE draft). The AIT files carry one species-independent column: verified identical across Human, Macaque and Marmoset for all 53 Groups present in all three. Group-level annotation, repeated on every cluster row.	both		,
CellTypeSet	has_abbreviation		Abbreviation		TRUE	uns|annotations	One of potentially many abbreviations that are part of the cell type set name.	uns.cluster_info.tokens_<level> (data only)	New; from BKE CellTypeSet.has_abbreviation	bke	Y	|
CellTypeTaxon	has_abbreviation		Abbreviation		TRUE	uns|annotations	One of potentially many abbreviations that are part of the cell type taxon name.	uns.cluster_info.tokens_<level> (data only)	New; from BKE CellTypeTaxon.has_abbreviation	bke	Y	|
Abbreviation		denotes_gene_annotation	GeneAnnotation		TRUE	uns|annotations	One of potentially many gene annotation terms to which the abbreviation denotes.		From BKE Abbreviation.denotes_gene_annotation	bke	Y	
Abbreviation		denotes_parcellation_term	ParcellationTerm		TRUE	uns|annotations	One of potentially many parcellation terms (anatomical structures) to which the abbreviation denotes.		From BKE Abbreviation.denotes_parcellation_term	bke	Y	
Abbreviation		denotes_cell_type	CellTypeTaxon		TRUE	uns|annotations	One of potentially many cell type terms which the abbreviation denotes.		From BKE Abbreviation.denotes_cell_type	bke	Y	
ColorPalette		is_palette_for	CellTypeTaxonomy		FALSE	uns|tooling	The cell type taxonomy for which the palette provides display color properties.		From BKE ColorPalette.is_palette_for	bke	Y	
DisplayColor		part_of_palette	ColorPalette		FALSE	uns|tooling	The color palette for which the display color map is part of.		From BKE DisplayColor.part_of_palette	bke	Y	
DisplayColor		is_color_for_taxon	CellTypeTaxon		FALSE	uns|tooling	The associated cell type taxon for the specified display color.		From BKE DisplayColor.is_color_for_taxon	bke	Y	
DisplayColor		is_color_for_set	CellTypeSet		FALSE	uns|tooling	The associated cell type set for the specified display color.		From BKE DisplayColor.is_color_for_set	bke	Y	