LinkML Class Name	LinkML Slot	Attribute Name	from_schema	Data Type	Subsets	Definition	Nullable	Permissible Values	AIT Location	Notes	Source	New	Alias	AIT Separator	Pattern	Multivalued
> class	slot	attribute	ignore	range	in_subset	description	ignore	ignore	annotations	ignore	ignore	ignore	aliases	annotations	pattern	multivalued
>					internal_separator: "|"				inner_key: ait_location				internal_separator: "|"	inner_key: ait_separator		
	accession_id			string	uns	A provider-assigned accession identifier for a given entity.	FALSE				bke					
	order			integer	uns	The priority or display order of an entity among all other entities of the same type.	TRUE		uns.cluster_info.display_order_<level> (data only)		bke					
Cell	id		bican_biolink	string	obs|assigned_metadata	Unique identifier for each individual cell.	FALSE		obs.index	explain: barcode_Cell_sample+barcode	ait					
Cell		cluster_id		string	obs|annotations	Human-readable cluster label for the cluster assigned to this cell at a given annotation level.	FALSE		obs.cluster_id	String value; one per annotation level column; for object modeling derive via Cell.part_of_cluster → Cluster.annotated_as	ait					
Cell		load_id		string	obs|assigned_metadata	Identifier for the sequencing library from which molecular measurements were derived.	TRUE		obs.load_id	it should be pointing to BarcodedCellSample, and the slot name should also change; nhash id should be used	ait					
Cell		assay		string	obs|assigned_metadata	Human-readable sequencing modality (e.g. 10x 3' v3).	TRUE		obs.assay		ait					
Cell		assay_ontology_term_id		string	obs|assigned_metadata	EFO ontology term for assay (e.g. EFO:0009922 for 10x 3' v3).	TRUE		obs.assay_ontology_term_id		ait					
Cell		anatomical_region		string	obs|assigned_metadata	Human-readable name for the anatomical region from which the cell was collected.	TRUE		obs.anatomical_region		ait					
Cell		anatomical_region_ontology_term_id		string	obs|assigned_metadata	UBERON ontology term for anatomical region (e.g. UBERON:0000955 for brain).	TRUE		obs.anatomical_region_ontology_term_id		ait					
Cell		brain_region_ontology_term_id		string	obs|assigned_metadata	Brain atlas region ID from DHBA/HBA/MBA for the anatomical region.	TRUE		obs.brain_region_ontology_term_id		ait					
Cell		suspension_type		SuspensionType	obs|assigned_metadata	Whether the measurement was performed on intact cells, nuclei, or is not applicable.	FALSE	cell, nucleus, na	obs.suspension_type		ait					
Cell		is_primary_data		boolean	obs|assigned_metadata	True if this is the canonical instance of this cellular observation; False for reanalysis or secondary views.	FALSE		obs.is_primary_data		ait					
CellTypeSet	id		bican_biolink	string	uns|annotations	Unique identifier for this annotation level.	FALSE		uns.hierarchy (key)		both					
CellTypeSet	name		bican_biolink	string	obs|uns|annotations	Name of this annotation level used as column header in obs (e.g. Class, Subclass).	FALSE		uns.hierarchy (key) / obs (column name)		both					
CellTypeSet	order			integer	uns|annotations	Integer rank of this annotation level in the hierarchy; lower values are broader types.	TRUE		uns.hierarchy (value)		both					
CellTypeSet		cell_type_set_type		CellTypeSetType	uns|annotations	A tag denoting whether this grouping represents a taxonomic level or neighborhood.	FALSE	taxonomic_level, neighborhood			bke					
CellTypeTaxon	id		bican_biolink	string		Unique identifier for this cell type taxon.	FALSE		(synthesized)	Minted by the pipeline; no AIT source. ID strategy NOT YET DECIDED -- bkbit's existing taxonomy2jsonld uses a deterministic hash of the object's attributes (generate_object_id), which keeps ids stable across re-runs. Whatever is chosen must be deterministic, or re-ingesting the same file produces different ids.	bke					
CellTypeTaxon	name		bican_biolink	string	obs|annotations	Human-readable label for this cell type taxon at the given annotation level (e.g. Glutamatergic).	FALSE		obs.<annotation_level>		both					
CellTypeTaxon	accession_id			string	uns|annotations	Stable cross-version identifier for this cell type taxon (e.g. CS20230722_CLAS_11).	FALSE		uns.cluster_info.accession_<level> (data only)		bke					
CellTypeTaxon	order			integer	uns|annotations	The priority or display order of this taxon among all taxons in the taxonomy.	TRUE		uns.cluster_info.display_order_<level> (data only)		bke					
CellTypeTaxon		cell_type_ontology_term		string	obs|annotations	CL ontology term for this cell type; use CL:0000003 for native cell if unknown.	TRUE		uns.cluster_info.CL:ID_<level> (data only)	DECISION NEEDED. AIT_schema.csv spells this 'cell_type_ontology_term' (no _id); README uses '_id' -- alias records the README form. The documented obs.cell_type_ontology_term exists but is uniformly CL:0000003 across all 388 Macaque clusters, i.e. carries no information; real per-taxon grounding is the data-only CL:ID_<level> (29 distinct at Group, 7 at Class). Choose: (a) one taxon-level slot pointing at CL:ID_<level> as here, or (b) add a separate Cell-level slot for the documented obs field.	ait		cell_type_ontology_term_id		^CL:\d{7}$	
CellTypeTaxon		number_of_cells		integer	uns|annotations	The aggregated number of cells that defines this cell type taxon.	FALSE		(derived: count obs rows grouped by obs.<annotation_level>)	NOT STORED. No cell-count column exists in uns.cluster_info in any of the 3 species. Compute from obs: group the 548,281 obs rows by the level column (Neighborhood/Class/Subclass/Group) and count. Requires reading obs, so it is NOT available from cluster_info alone -- a parser run with load_obs=False cannot populate this.	bke					
CellTypeTaxonomy	id		bican_biolink	string		Unique identifier for this taxonomy.	FALSE		(synthesized)	Minted by the pipeline; no AIT source. ID strategy NOT YET DECIDED -- bkbit's existing taxonomy2jsonld uses a deterministic hash of the object's attributes (generate_object_id), which keeps ids stable across re-runs. Whatever is chosen must be deterministic, or re-ingesting the same file produces different ids.	bke					
CellTypeTaxonomy		title		string	uns|tooling	Description differentiating this taxonomy from others in the same collection; should be unique within a collection.	FALSE		uns.title	BKE equivalent is name (e.g. AIT21.0)	both		name			
CellTypeTaxonomy	accession_id			string		Provider-assigned accession identifier for this taxonomy (e.g. CCN20230722).	FALSE				bke					
CellTypeTaxonomy		schema_version		string	uns|tooling	Version of the AIT schema used to produce this file (e.g. 1.0.0).	FALSE		uns.schema_version		ait					
CellTypeTaxonomy	content_url		bican_core	uri	uns|data	Permanent URL to molecular data if the expression matrix is not embedded in the file.	TRUE		uns.dataset_purl	Value in all 3 HMBA files is the literal string 'BICAN_s3_bucket', which is not a URI -- a uri-typed slot will fail validation.	both		dataset_purl			
CellTypeTaxonomy		batch_condition		string	uns|tooling	Cell metadata key(s) in obs that define batches for normalization or integration.	TRUE		uns.batch_condition	Multivalued list of obs column names; no BKE equivalent	ait					
CellTypeTaxonomy		dendrogram		string	uns|annotations	JSON-formatted hierarchical clustering dendrogram encoding the taxonomy hierarchy.	TRUE		uns.dendrogram	RECOMMENDED in AIT_schema.csv but absent from all 3 HMBA files.	ait					
CellTypeTaxonomy		hierarchy		string	uns|annotations	Ordered mapping of annotation level names to integer ranks; lower rank means broader type.	FALSE		uns.hierarchy	Stored as dict; overlaps with CellTypeSet.order; retained for tooling convenience	ait					
CellTypeTaxonomy		mode		string	uns|tooling	Active taxonomy mode controlling which subset of cells and analysis components to use.	TRUE		uns.mode	Computed for analysis; Jeremy: folks can ignore	ait					
CellTypeTaxonomy		filter		boolean	uns|tooling	Per-mode boolean flags indicating cells to exclude (True means exclude).	TRUE		uns.filter	Multivalued; computed for analysis; Jeremy: folks can ignore	ait					
CellTypeTaxonomy		cluster_algorithm		string	uns|tooling	Full description of clustering algorithm and parameters used to produce cluster assignments.	TRUE		uns.cluster_algorithm	Stored as dict	ait					
CellTypeTaxonomy		cluster_info		string	uns|annotations	Summary table of cluster-level metadata including cluster sizes and representative metadata.	TRUE		uns.cluster_info	Stored as dict; Jeremy: effectively the obs table saved per cluster; what people call the "Google Sheet" of cell type annotations	ait					
CellTypeTaxonomy		default_embedding		string	uns|tooling	Key in obsm of the embedding to display by default; must match an X_-prefixed entry.	TRUE		uns.default_embedding	String key matching Embedding.embedding_key of the default embedding to display	ait					
CellTypeTaxonomy		cellannotation_schema		string	uns|tooling	CAS annotation schema stored as JSON encoding labelset and annotation metadata.	TRUE		uns.cellannotation_schema	RECOMMENDED in AIT_schema.csv but absent from all 3 HMBA files.	ait					
CellTypeTaxonomy		quality_control_markers		string	uns|analysis	Marker gene expression data for patchseq quality control analysis.	TRUE		uns.qualty_control_markers	AIT_schema.csv misspells the key as 'qualty_control_markers' (both shipped CSVs); README spells it correctly. Location follows the CSV because that is what scrattch uses. Absent from all 3 HMBA files. REPORTED UPSTREAM -- revisit if fixed.	ait		quality_control_markers			
Embedding	id		bican_biolink	string		Unique identifier for this embedding.	FALSE		(synthesized)	Minted by the pipeline; no AIT source. ID strategy NOT YET DECIDED -- bkbit's existing taxonomy2jsonld uses a deterministic hash of the object's attributes (generate_object_id), which keeps ids stable across re-runs. Whatever is chosen must be deterministic, or re-ingesting the same file produces different ids.	bke					
Embedding		embedding_key		string	obsm|analysis	Key used to store the embedding in obsm; must be prefixed with X_ (e.g. X_umap, X_pca).	FALSE		obsm.X_<embedding> (key)		ait					
Embedding		embedding_matrix		float	obsm|analysis	N-dimensional matrix of shape n_cells × n_dims representing the low-dimensional projection.	FALSE		obsm.X_<embedding> (value)		ait					
ExpressionMatrix	id		bican_biolink	string		Unique identifier for this expression matrix.	FALSE		(synthesized)	Minted by the pipeline; no AIT source. ID strategy NOT YET DECIDED -- bkbit's existing taxonomy2jsonld uses a deterministic hash of the object's attributes (generate_object_id), which keeps ids stable across re-runs. Whatever is chosen must be deterministic, or re-ingesting the same file produces different ids.	bke					
ExpressionMatrix		matrix_type		ExpressionMatrixType	X|raw|data	Whether this matrix contains normalized expression values or raw counts.	FALSE	normalized, raw_count	(derived: normalized if read from X, raw_count if read from raw.X)	NOT STORED as a value. AIT encodes it structurally: X holds normalized expression, raw.X holds counts. The enum value follows from which group the matrix was read from. In all 3 HMBA files X is present (csr_matrix) and raw exists.	ait					
ExpressionMatrix	content_url		bican_core	uri	uns|data	URL to the matrix file if the matrix is not embedded directly in the h5ad file.	TRUE		uns.dataset_purl	Corresponds to AIT dataset_purl; BKE ExpressionMatrix.content_url	both		dataset_purl			
ClusterSet	id		bican_biolink	string	uns|annotations	Unique identifier for this cluster set.	FALSE		(synthesized)	Minted by the pipeline; no AIT source. ID strategy NOT YET DECIDED -- bkbit's existing taxonomy2jsonld uses a deterministic hash of the object's attributes (generate_object_id), which keeps ids stable across re-runs. Whatever is chosen must be deterministic, or re-ingesting the same file produces different ids.	bke					
ClusterSet	name		bican_biolink	string	uns|annotations	Human-readable name for this cluster set (e.g. the name of the clustering run).	TRUE				bke					
Cluster	id		bican_biolink	string	obs|uns|annotations	Unique identifier for this cluster.	FALSE		(synthesized)	Minted by the pipeline; no AIT source. ID strategy NOT YET DECIDED -- bkbit's existing taxonomy2jsonld uses a deterministic hash of the object's attributes (generate_object_id), which keeps ids stable across re-runs. Whatever is chosen must be deterministic, or re-ingesting the same file produces different ids.	bke					
Cluster	name		bican_biolink	string	obs|uns|annotations	Human-readable label for this cluster; corresponds to cluster_id values in obs.	FALSE		obs.cluster_id		both					
Cluster		number_of_observations		integer	uns|annotations	Number of cells assigned to this cluster.	FALSE		(derived: count obs rows grouped by obs.cluster_id)	NOT STORED. The previously claimed cluster_info.n_cells does not exist in any species. Compute from obs by grouping on cluster_id. Same caveat as number_of_cells: needs obs, not available from cluster_info alone.	bke					
Abbreviation	id		bican_biolink	string	uns|annotations	Unique identifier for this abbreviation entry.	FALSE		(synthesized)	Minted by the pipeline; no AIT source. ID strategy NOT YET DECIDED -- bkbit's existing taxonomy2jsonld uses a deterministic hash of the object's attributes (generate_object_id), which keeps ids stable across re-runs. Whatever is chosen must be deterministic, or re-ingesting the same file produces different ids.	bke	Y				
Abbreviation		term		string	uns|annotations	An abbreviation term as it appears in a cell type or cell set name.	FALSE		uns.cluster_info.tokens_<level> (data only)	Pipe-separated name tokens, e.g. 'STRv|D1 MSN', 'CN|LGE|GABA'. Present in all 3 files. DERIVATION: split the cell value on '|' and mint one Abbreviation per distinct token; the token is the term. The expansion (meaning) is not in the file -- see Abbreviation.meaning.	bke	Y		|		
Abbreviation		meaning		string	uns|annotations	The decoded meaning of the abbreviation term.	FALSE			No AIT source anywhere -- tokens give the term only, never its expansion. Fill from a BKE-side lookup.	bke	Y				
Abbreviation		entity_type		AbbreviationEntityType	uns|annotations	The entity type which the abbreviation term denotes.	FALSE	cell_type, gene, anatomical		No AIT source.	bke	Y				
ColorPalette	id		bican_biolink	string	uns|tooling	Unique identifier for this color palette.	FALSE		(synthesized)	Minted by the pipeline; no AIT source. ID strategy NOT YET DECIDED -- bkbit's existing taxonomy2jsonld uses a deterministic hash of the object's attributes (generate_object_id), which keeps ids stable across re-runs. Whatever is chosen must be deterministic, or re-ingesting the same file produces different ids.	bke	Y				
ColorPalette	name		bican_biolink	string	uns|tooling	Name of the color palette.	TRUE			CANDIDATE (unconfirmed): Human uns carries AIT117_/AIT193_MapMyCells_<Level>_label_colors -- named hex lists, per taxonomy version and level. Absent from Macaque and Marmoset. Whether the uns key name is the palette name is an inference, so no location is asserted here.	bke	Y				
ColorPalette	description		bican_biolink	string	uns|tooling	Description of the color palette.	TRUE			From BKE ColorPalette.description	bke	Y				
DisplayColor	id		bican_biolink	string	uns|tooling	Unique identifier for this display color entry.	FALSE		(synthesized)	Minted by the pipeline; no AIT source. ID strategy NOT YET DECIDED -- bkbit's existing taxonomy2jsonld uses a deterministic hash of the object's attributes (generate_object_id), which keeps ids stable across re-runs. Whatever is chosen must be deterministic, or re-ingesting the same file produces different ids.	bke	Y				
DisplayColor		color_hex_triplet		string	uns|tooling	A hex string representing the display color for an associated entity.	FALSE		uns.cluster_info.color_hex_<level> (data only)	Populated in all 3 files (56 distinct hex in Macaque). Note color_<level> also exists but is entirely empty.	bke	Y				
CellTypeTaxonomy		reference_genome		string	uns|assigned_metadata	Reference genome assembly used to align the molecular measurements.	TRUE		uns.reference_genome	DECISION NEEDED: class placement. Documented in AIT_schema.csv (uns, RECOMMENDED) and present in all 3 files, but value is 'GRCh38' for Macaque and Marmoset too -- consistent with a cross-species consensus taxonomy; confirm with AIT. May belong on a GenomeAnnotation class instead (unresolved in tmp_ait/open_questions.md).	ait	Y				
CellTypeTaxonomy		gene_annotation_version		string	uns|assigned_metadata	Genome annotation version used during alignment.	TRUE		uns.gene_annotation_version	DECISION NEEDED: class placement (see reference_genome). Present in all 3 files but the value is an empty string in every one.	ait	Y				
CellTypeTaxon		literature_support		string	uns|annotations	Published study in which this cell type was previously described. The value "Novel" indicates no prior published description.	TRUE		uns.cluster_info.literature_support	Group-level annotation repeated on every cluster row; identical across Human, Macaque and Marmoset for all 53 shared Groups. No separator declared: values legitimately contain "," and "|" (e.g. "Tushar et al, 2022", "Pvalb Pthlh | FS").	ait	Y		|		TRUE
CellTypeTaxon		literature_name_short		string	uns|annotations	Short name used for this cell type in the supporting literature.	TRUE		uns.cluster_info.literature_name_short	Group-level annotation repeated on every cluster row; identical across Human, Macaque and Marmoset for all 53 shared Groups. No separator declared: values legitimately contain "," and "|" (e.g. "Tushar et al, 2022", "Pvalb Pthlh | FS").	ait	Y		|		TRUE
CellTypeTaxon		literature_name_long		string	uns|annotations	Full name used for this cell type in the supporting literature.	TRUE		uns.cluster_info.literature_name_long	Group-level annotation repeated on every cluster row; identical across Human, Macaque and Marmoset for all 53 shared Groups. No separator declared: values legitimately contain "," and "|" (e.g. "Tushar et al, 2022", "Pvalb Pthlh | FS").	ait	Y		|		TRUE