SubGroup/LinkML Class Name	LinkML Slot or Attribute Name	Definition	Data Type	BICAN UUID	Aliases	Unit	Min Value	Max Value	Nullable	NIMP Terminology NHash	NIMP Local Variable Name	Local Variable Name Source	NIMP Resource Subgroup
> class	attribute	description	range	exact_mappings: {curie_prefix: bican}	ignore	unit: {inner_key: descriptive_name}	minimum_value	maximum_value	ignore	exact_mappings: {curie_prefix: NIMP}	local_names	local_names	ignore
>											inner_key: local_name_value	inner_key: local_name_source	
Donor	repository	If the brain is from NBB the NBB repository the brain belongs to	repository	408682ed-0e27-41e2-b9fa-f05674366d6e	Repository				TRUE	PD-NYNYAR61	repository	NIMP	General Subject Fields
Donor	donor_source	The source of the donor brain e.g. NBB/UM1 project/other	donor_source	0d0cf732-0f76-409d-9a73-7a96d829d3d3	Donor Source				FALSE	PD-TPTPPS27	donor_source	NIMP	General Subject Fields
Donor	ethnicity	Ethnicity of the donor	ethnicity	918370df-49f6-4361-9c52-f46b16412980	Ethnicity				TRUE	PD-JEJECK48	ethnicity	NIMP	General Subject Fields
Donor	race	Race of the donor	race	e515c009-550e-4f9c-b1b6-fc876a6fb2a8	Race				TRUE	PD-PRPRRP41	race	NIMP	General Subject Fields
Donor	secondary_race	Second race if available for the donor	race	192fe5b1-c812-4767-86fb-3178f9914705	Second Race				TRUE	PD-SESEQB42	second_race	NIMP	General Subject Fields
Donor	sex	Donor's sex at birth	sex	c819b9d5-2fde-40b2-bf0d-e07b56f96ac9	Sex at Birth				TRUE	PD-LXUBTM45	sex	NIMP	General Subject Fields
Donor	gender	Donor's gender at death	gender	1c71e775-65aa-442b-a392-1cf9a44e326e	Gender at Time of Death				TRUE	PD-KLKLJH33	gender	NIMP	General Subject Fields
Donor	sex_orientation	Donor's sexual orientation at death	sexual_orientation	e47e8a2f-72fb-4036-b288-f4580dc2aa4e	Sexual Orientation at Time of Death				TRUE	PD-HKHGTM45	sex_orientation	NIMP	General Subject Fields
Donor	age_of_death	Donor's age at death in years	integer	14eb923a-161d-45e2-889d-81fea7b632b6	Age Value (Years)	year	0	200	TRUE	PD-FTEMQD38	age_of_death	NIMP	General Subject Fields
Donor	birth_country_name	Donor's birth country	birth_country	9c27fd29-b512-492f-a32f-b615c7585ff7	Birth Country Name				TRUE	PD-SQSQDF25	birth_country_name	NIMP	General Subject Fields
Donor	primary_language	Donor's primary language	language	abe9edc7-96ca-4c6a-a1ed-c008548cc373	Primary Language Code				TRUE	PD-ATEVEV39	primary_language	NIMP	General Subject Fields
Donor	secondary_language	Donor's secondary language	language	37b7495f-b010-4d1c-ae32-9cb19c680950	Secondary Language Code				TRUE	PD-OBIUQB42	secondary_language	NIMP	General Subject Fields
Donor	marital_status	Donor's marital or partner status	marital_status	4f0e41c9-dd15-4a37-ae6b-11b7131d7cba	Marital or Partner Status ATOD				TRUE	PD-JCYJCN35	marital_status	NIMP	General Subject Fields
Donor	education_years_number	Number of years of education the donor had	integer	add3f7fe-ae60-4cc1-bb2e-72bbbe9a1a7d	Education Years Number	year	0	30	TRUE	PD-SJSJRC41	education_years_number	NIMP	General Subject Fields
Donor	handedness	Donor's handedness	handedness	82a4087c-d0e3-48ca-8bea-a81eefc683a0	Handedness				TRUE	PD-WGWGTM45	handedness	NIMP	General Subject Fields
Donor	confirmed_hbcac	Confirmation status of meeting inclusion criteria of the Human Brain Cell Atlas Collection at NBB	categorical	b6cdddf7-6f0b-4855-a0fa-16c2ab29f219	HBCAC Confirmation Status				TRUE	PD-YBLATM45	confirmed_hbcac	NIMP	General Subject Fields
Donor	age_at_death_value	Donor's age at death value	float	57e24d3c-c9c7-4ef3-9809-a35802d563ec	Age at Death Value				TRUE	PD-FTFTCP24	age_at_death_value	NIMP	General Subject Fields
Donor	age_at_death_unit	The unit of the value mentioned under "age_at_death_value"	categorical	b5436e99-f0a7-4c30-825d-56b88ee2ac1d	Age at Death Unit				TRUE	PD-AVAVEV39	age_at_death_unit	NIMP	General Subject Fields
Donor	age_at_death_reference_point	Reference point from which the donor's age at death was calculated	categorical	3bed1f94-9d82-4ed7-afdf-79d896b24dbb	Age at Death Reference Point				TRUE	PD-RARAGG39	age_at_death_reference_point	NIMP	General Subject Fields
Donor	donor_species	NCBI Taxonomy code of the donor species	categorical	6837cb02-6bd7-4fb8-838c-9062ead96ba4	Donor Species				FALSE	PD-HEHERP41	donor_species	NIMP	General Subject Fields
Donor	consent_status	Whether the type of consent is open or controlled	categorical	1a53e733-276f-421a-850d-eb46e50db972	Consent Status				TRUE	PD-CBCBWQ40	consent_status	NIMP	General Subject Fields
Donor	positive_test_result	Whether the donor has had a positive serology test result	categorical	0ef73629-5172-4517-a1f8-295be1603b80	The Indicator of Serology Test Positivity				TRUE	PD-PDZDNL63	positive_test_result	NIMP	General Subject Fields
Donor	access_level		categorical	60794406-316a-419b-98a7-5ea49f55392e	Access Level				TRUE	PD-JQJQFQ31	access_level	NIMP	General Subject Fields
Donor	data_use_limitation		categorical	aea2f9a4-ebc7-4dc6-97d3-cb517774966d	Data Use Limitation				TRUE	PD-DKDKOQ36	data_use_limitation	NIMP	General Subject Fields
Donor	disease_specification		categorical	47003dfa-c6a0-4302-998b-0be0fb64261f	Disease Specification				TRUE	PD-DSDSOQ36	disease_specification	NIMP	General Subject Fields
Donor	irb_approval_required		boolean	71ccc15c-0983-420b-9301-ad79d8372ff1	IRB Approval Required				TRUE	PD-JVJVFQ31	irb_approval_required	NIMP	General Subject Fields
Donor	publication_required		boolean	7eb1e5a1-a2f5-4ec7-aef3-e2d56ed56a6f	Publication Required				TRUE	PD-BGBGAD38	publication_required	NIMP	General Subject Fields
Donor	collaboration_required		boolean	95f7b929-6a9f-496d-9512-693397f48dad	Collaboration Required				TRUE	PD-ZAZADF25	collaboration_required	NIMP	General Subject Fields
Donor	not_for_profit		boolean	0dc07cdf-93a7-445b-9555-17d0249fe349	Not-for-profit Use Only				TRUE	PD-KNSTYJ57	not_for_profit	NIMP	General Subject Fields
Donor	methods		boolean	97ade474-302f-4f56-bad9-603c28a2a721	Methods				TRUE	PD-CRCRPG50	methods	NIMP	General Subject Fields
Donor	genetic_study_only		boolean	f7935a44-f816-4a61-ab57-96439447c63a	Genetic Study Only				TRUE	PD-LCLCPG50	genetic_study_only	NIMP	General Subject Fields
Donor	gsr_controlled_access		boolean	3bb3bf75-ec1d-4ab7-a6a4-28d9da85f948	Genomic Summary Results (GSR) Controlled Access				TRUE	PD-LJEAUS44	gsr_controlled_access	NIMP	General Subject Fields
Donor	donor_project	Donor Project	categorical	cd772fb0-a2fe-4df3-b2dd-b62370be37fc	Donor Project				FALSE	PD-HEHEQB42	donor_project	NIMP	General Subject Fields
Donor	donor_labs	Donor Labs	categorical	b97c384f-a556-42a2-a3c2-c31e5771f481	Donor Labs				TRUE	PD-APAPRP41	donor_labs	NIMP	General Subject Fields
Donor	death_causes_data_available	NIMP indicator for availability of the cause of death	categorical	e46e9d58-d982-4800-b7de-67f608951211	Cause Of Death Data Availability				TRUE	PD-FYUCNY46	death_causes_data_available	NIMP	General Subject Fields
Donor	rins_data_available	NIMP indicator for availability of RNA Integrity Number	categorical	d05825e6-b785-42a3-9bdf-c34b30e698b8	Rin Data Availability				TRUE	PD-JRJCAR61	rins_data_available	NIMP	General Subject Fields
Donor	rines_data_available	NIMP indicator for availability of RNA Integrity Number equivalent	categorical	28a5e912-570b-4a7f-87f2-36bd5db92090	Rine Data Availability				TRUE	PD-CJRWAR61	rines_data_available	NIMP	General Subject Fields
Donor	hemisphere	Hemisphere of the brain	hemisphere	68b7a28b-d695-4ec9-800b-6a27ca206081	Hemisphere				TRUE	PD-JRJRFQ31	hemisphere	NIMP	General Specimen Data
Donor	post_mortem_interval	Post Mortem Interval in hours	float	6fd5c5ac-b128-4a4a-ae98-09eaeba22f92	Post Mortem Interval	hour	0	8888	TRUE	PD-CHCHLC46	post_mortem_interval	NIMP	General Specimen Data
Donor	left_hemisphere_preparation	The method of which the left hemisphere of the brain was prepared	preparation	57d5378f-a451-4bf5-a472-cc88d0d29586	Left Hemisphere Preparation				TRUE	PD-JSJSUS44	left_hemisphere_preparation	NIMP	General Specimen Data
Donor	left_hemisphere_prep_2	The second method used to prepare the left hemisphere	categorical	d76753fb-b30b-419b-b853-d341510d8034	Left Hemisphere Preparation (Second Method)				TRUE	PD-ZMPWIB34	left_hemisphere_prep_2	NIMP	General Specimen Data
Donor	right_hemisphere_preparation	The method of which the right hemisphere of the brain was prepared	preparation	477c2600-f979-43c5-9c61-ab61fd771584	Right Hemisphere Preparation				TRUE	PD-MLMLPG50	right_hemisphere_preparation	NIMP	General Specimen Data
Donor	right_hemisphere_prep_2	The second method used to prepare the right hemisphere	categorical	b0a52336-fe31-4ac4-8914-b0bb76a8ef5a	Right Hemisphere Preparation (Second Method)				TRUE	PD-FWUVWQ40	right_hemisphere_prep_2	NIMP	General Specimen Data
Donor	rin	RNA Integrity Number	float	cd472c0d-0b64-45c9-a38e-e54d15cea953	RIN		0	99	TRUE	PD-LPLPSK50	rin	NIMP	General Specimen Data
Donor	rine	RNA Integrity Number equivalent	float	1210148d-d8fb-45aa-b51a-4b19b6d09bec	RINe		0	99	TRUE	PD-XCXCRC41	rine	NIMP	General Specimen Data
Donor	ph	pH value	float	9e67af02-c081-43e1-a42c-bf9603cae616	pH		0	99	TRUE	PD-FXFXDK42	ph	NIMP	General Specimen Data
Donor	brain_weight	The weight of the brain in grams	integer	546fc32d-f8a2-4c00-924a-8c4730f11f51	Brain Weight Measurement	gram	0	9998	TRUE	PD-WUASWQ40	brain_weight	NIMP	General Specimen Data
Donor	weighed_type	The type of the brain tissue weighed based on the preparation	brain_tissue_weight_type	a7463e3f-0c61-4718-a7d0-60fd2116908a	Brain Tissue Weighed Type				TRUE	PD-FGHMDF25	weighed_type	NIMP	General Specimen Data
Donor	photo_2d_available	Is a 2D photograph is available?	categorical	611beda8-1ac6-4183-a284-04a30bb474f3	Photo 2d Available				TRUE	PD-NINIEV39	photo_2d_available	NIMP	General Specimen Data
Donor	scan_3d_available	Is a 3D scan is available?	categorical	658e8a80-e232-438f-8c1e-d5f38724dc55	Scan 3d Available				TRUE	PD-RBRBQB42	scan_3d_available	NIMP	General Specimen Data
Donor	antemortem_mri_available	Is an Antemortem MRI is available?	categorical	43a04caa-4f28-47ac-8a9d-74c40f10776f	Antemortem MRI Available				TRUE	PD-RCRCRC24	antemortem_mri_available	NIMP	General Specimen Data
Donor	postmortem_mri_available	Is a Postmortem MRI Available	categorical	0badd072-0c25-48c6-9357-44d5b5bc0818	Postmortem MRI Available				TRUE	PD-YNYNEV39	postmortem_mri_available	NIMP	General Specimen Data
Donor	postmortem_mri_type	The type of postmortem MRI if it is available.	postmortem_MRI	64a607a9-21e6-4c73-8f2e-2d67b0dc51c8	Postmortem MRI Type				TRUE	PD-BEBEEV39	postmortem_mri_type	NIMP	General Specimen Data
Donor	non_brain_specimen_data_available	NIMP indicator for availability of non-brain Specimen data	categorical	e537aacd-040a-423b-9920-9ce5adecf111	Non-Brain Specimen Data Availability				TRUE	PD-JSFGYJ57	non_brain_specimen_data_available	NIMP	General Specimen Data
Donor	neurologic_events_data_available	NIMP indicator for availability of perinatal neurologic events data	categorical	27a7df05-5aec-4060-85b9-2b4658ecd1e8	Neurologic Events Data Availability				TRUE	PD-SLCHJH85	neurologic_events_data_available	NIMP	General Specimen Data
Donor	infectious_testings_data_available	NIMP indicator for availability of infectious Disease/Serology testing data	categorical	af034af4-9a8d-49ed-a100-1e87ebe962f5	Infectious Testing Data Availability				TRUE	PD-AATACA52	infectious_testings_data_available	NIMP	General Specimen Data
Donor	tox_screening_data_available	NIMP indicator for availability of toxicology screening data	categorical	3730c096-5524-43f4-a3c0-010ccdf80ae1	Toxicology Screening Data Availability				TRUE	PD-LELMNL63	tox_screening_data_available	NIMP	General Specimen Data
Donor	nn_diagnoses_data_available	NIMP indicator for availability of non-neuropathological diagnoses data	categorical	87a4e421-4586-4938-91cc-6ae4e6e95dde	Neurologic And/Or Neuropathologic Diagnoses Data Availability				TRUE	PD-JXZWYJ57	nn_diagnoses_data_available	NIMP	General Specimen Data
Donor	non_brain_tissue_available	Are any non-brain tissues available?	categorical	3a064c96-a956-4cf3-8b77-056b8e392f99	Non-Brain Tissue Available				TRUE	PD-LGLGRZ37	non_brain_tissue_available	NIMP	Non-Brain Specimen Collected
Donor	tissue_type	The type of non-brain tissues	tissue	33ccbc85-ae35-44d6-8bc6-c2fb91116cf7	Tissue Type				TRUE	PD-JLJLCT43	tissue_type	NIMP	Non-Brain Specimen Collected
Donor	clinical_brain_diagnosis	Is any clinical brain diagnosis available?	categorical	b49f026b-4f6c-48c8-b170-bf6d24c672ef	Clinical Brain Diagnosis Available				TRUE	PD-ICLAGO26	clinical_brain_diagnosis	NIMP	Diagnoses
Donor	clinical_brain_diagnosis_confidence_level	The confidence level of the clinical brain diagnosis	confidence_level	2e72b4b9-d5fb-4f0d-897c-1f977ed4fabd	Clinical Brain Diagnosis Confidence Level				TRUE	PD-LCLCJH33	clinical_brain_diagnosis_confidence_level	NIMP	Diagnoses
Donor	genetic_diagnosis	Is any genetic diagnosis available?	categorical	f67d3837-159d-4868-9749-aa6c83ded7eb	Genetic Diagnosis Available				TRUE	PD-MWMGGE30	genetic_diagnosis	NIMP	Diagnoses
Donor	genetic_diagnosis_confidence_level	The confidence level of the genetic diagnosis	confidence_level	cb2b0108-8c07-40e8-92a3-b693b6dc64b4	Genetic Diagnosis Confidence Level				TRUE	PD-NONORZ37	genetic_diagnosis_confidence_level	NIMP	Diagnoses
Donor	non_brain_diagnosis	Is any non-brain diagnosis available?	categorical	009ec58e-32e4-4712-930c-056e72c8d8fa	Non-Brain Diagnosis Available				TRUE	PD-MCRYRZ37	non_brain_diagnosis	NIMP	Diagnoses
Donor	non_brain_diagnosis_confidence_level	The confidence level of the non-brain diagnosis	confidence_level	2a7ff937-287b-40a3-a1f6-ebf598683774	Non-Brain Diagnosis Confidence Level				TRUE	PD-FGFGUS44	non_brain_diagnosis_confidence_level	NIMP	Diagnoses
Donor	birth_weight_lbs	Birth weight in pounds	float	69d9a60d-32d5-4c3a-a26a-802d8f030c8d	Birth Weight Value (Lbs)	pound	0	100	TRUE	PD-YOVEEV39	birth_weight_lbs	NIMP	Infant Medical History
Donor	birth_weight_oz	Birth weight in ounces	float	b6f30050-f762-4427-8533-31738e737ea2	Birth Weight Value (Oz)	ounce	0	100	TRUE	PD-CANPLC46	birth_weight_oz	NIMP	Infant Medical History
Donor	apgar_5_minute_score_available	Is the APGAR Five Minute Score available? This is a test given to newborns soon after birth	categorical	e67d93ac-3753-4835-a250-e2ca207b2675	Apgar Five Minute Score Available				TRUE	PD-JCJYRC24	apgar_5_minute_score_available	NIMP	Infant Medical History
Donor	apgar_5_minute_score	The APGAR Five Minute Score. This is a test given to newborns just after birth	integer	3a10dabf-39b0-4eb7-8399-85fd325c5646	Apgar Five Minute Score		1	10	TRUE	PD-GLPDCP24	apgar_5_minute_score	NIMP	Infant Medical History
Donor	apgar_10_minute_score_available	Is the APGAR Ten Minute Score Available? This is a test given to newborns just after birth.	categorical	3d085ff9-7034-487d-a2b2-b9ae80d55333	Apgar Ten Minute Score Available				TRUE	PD-ZJYZRC24	apgar_10_minute_score_available	NIMP	Infant Medical History
Donor	apgar_10_minute_score	The APGAR Ten Minute Score. This is a test given to newborns just after birth	integer	09d512b6-7c20-4693-8894-77824ad7f04d	Apgar Ten Minute Score		1	10	TRUE	PD-YKRCCP24	apgar_10_minute_score	NIMP	Infant Medical History
Donor	neuropathology_diagnosis	are any neuropathological diagnosis available?	categorical	87f6d251-e028-4480-9272-3497655fb9cd	Neuropathology Diagnosis Available				TRUE	PD-OTALRZ37	neuropathology_diagnosis	NIMP	Neuropathological Diagnoses
Donor	artifacts	Any artifacts available?	categorical	b344b605-21dd-4e06-9104-21005179026f	Artifacts				TRUE	PD-FUFUAD38	artifacts	NIMP	Neuropathological Diagnoses
Donor	artifacts_type	The type of artifacts	artifact_type	dc217b9b-ed6b-48e2-93b4-4f648dc395f7	Artifacts Type				TRUE	PD-NCNCRC24	artifacts_type	NIMP	Neuropathological Diagnoses
Donor	developmental	Are any developmental neuropathology diagnoses available?	categorical	c259cdc2-7c68-48de-ab57-57328f3bddfa	Developmental				TRUE	PD-MVMVIB34	developmental	NIMP	Neuropathological Diagnoses
Donor	inflammatory	Are inflammatory neuropathology diagnoses available?	categorical	05e83583-078d-4a1e-892d-e6f611e5a0b8	Inflammatory				TRUE	PD-AMAMCA52	inflammatory	NIMP	Neuropathological Diagnoses
Donor	infectious	Are infectious neuropathology diagnoses available?	categorical	266f5fb8-716b-4472-be30-4a94b62f2245	Infectious				TRUE	PD-CICINY46	infectious	NIMP	Neuropathological Diagnoses
Donor	traumatic	Are traumatic neuropathology diagnoses available?	categorical	a00497c0-376f-4b2e-b60e-d6add2af41dc	Traumatic				TRUE	PD-PIPIRP41	traumatic	NIMP	Neuropathological Diagnoses
Donor	traumatic_type	The type of traumatic neuropathology diagnosis	traumatic_type	01d2f488-f30b-40e0-913f-c9adc6b39b97	Traumatic Type				TRUE	PD-DRDRCT43	traumatic_type	NIMP	Neuropathological Diagnoses
Donor	vascular	Are vascular neuropathology diagnoses available?	categorical	b02d8386-d059-42a8-94cb-751d56b15b3a	Vascular				TRUE	PD-YIYIKM58	vascular	NIMP	Neuropathological Diagnoses
Donor	vascular_type	The type of vascular neuropathology diagnosis	vascular_type	5beafa90-ffdb-4cce-a78c-a3b3175210b6	Vascular Type				TRUE	PD-RIRITM45	vascular_type	NIMP	Neuropathological Diagnoses
Donor	neoplastic	Are neoplastic neuropathology diagnoses available?	categorical	3f52a0e9-6469-46d3-8ed5-3cdb8afdc259	Neoplastic				TRUE	PD-JBJBCN35	neoplastic	NIMP	Neuropathological Diagnoses
Donor	neoplastic_type	The type of neoplastic neuropathology diagnosis	neoplastic_type	a58be8f4-2756-4a66-9d05-1fbf44b4e810	Neoplastic Type				TRUE	PD-NENERZ37	neoplastic_type	NIMP	Neuropathological Diagnoses
Donor	aging	Are aging-related neuropathology diagnoses available?	categorical	40e3caa7-657b-4137-9879-07e6b29bae14	Aging				TRUE	PD-GIGIGO26	aging	NIMP	Neuropathological Diagnoses
Donor	aging_type	The type of aging-related neuropathology diagnosis	aging_type	5e31b66f-131e-4d5e-8760-ddd85f5634d5	Aging Type				TRUE	PD-WNWNRC24	aging_type	NIMP	Neuropathological Diagnoses
Donor	neurodegenerative	Are neurodegenerative neuropathology diagnoses available?	categorical	764d80ce-7a83-4e68-92df-34a416475e1b	Neurodegenerative				TRUE	PD-CZCZRZ37	neurodegenerative	NIMP	Neuropathological Diagnoses
Donor	neurodegenerative_type	The type of neurodegenerative neuropathology diagnosis	neurodegenerative_type	b150b62c-a968-4f5d-9aa3-d1ab5207ff83	Neurodegenerative Type				TRUE	PD-PEPERZ37	neurodegenerative_type	NIMP	Neuropathological Diagnoses